use assignment_2;
create table employee(emp_id binary(10),f_name varchar(10),l_name varchar(10),job_type varchar(10),salary binary(20),dept varchar(10),commision binary(10),manager_id binary(10));
alter table employee add primary key(emp_id);
alter table employee modify f_name varchar(10) NOT NULL;
alter table employee modify salary binary(20) NOT NULL;
alter table employee add (doj date);
create table department (d_name varchar(10) primary key,d_loc varchar(10),HOD_id binary(10));
create table location (loc_id binary(10),city varchar(10),contact_no binary(20));
alter table location modify city varchar(5);
alter table location drop contact_no;
alter table employee add foreign key(dept) references department(d_name);
alter table location rename column city to address;
desc location;
alter table location rename to loc;
alter table loc modify address varchar(20);
insert into loc (loc_id,address) values(1,'Kolkata');
insert into loc (loc_id,address) values(2,'Mumbai');
select * from loc;
truncate loc;
desc loc;
drop table loc;
insert into department (d_name,d_loc,HOD_id) values('Sales','Kol',4);
insert into department (d_name,d_loc,HOD_id) values('Accounts','Delhi',6);
insert into department (d_name,d_loc,HOD_id) values('Production','Kol',1);
insert into department (d_name,d_loc,HOD_id) values('Marketing','Kol',2);
insert into department (d_name,d_loc,HOD_id) values('R&D','Marketing',8);
select * from department;
alter table employee modify emp_id int(10);
alter table employee modify salary int(20);
alter table employee modify commision int(10);
alter table employee modify manager_id int(10);
desc employee;
alter table employee drop primary key;
insert into employee(emp_id,f_name,l_name,job_type,salary,dept,doj) values(1,'Arun','Khan','Manager',90000,'Production','1998-01-04');
insert into employee(emp_id,f_name,l_name,job_type,salary,dept,doj) values(2,'Barun','Kumar','Manager',80000,'Marketing','1998-02-09');
insert into employee(emp_id,f_name,l_name,job_type,salary,dept,manager_id,doj) values(3,'Chitra','Kapoor','Engineer',60000,'Production',1,'1998-01-08');
insert into employee(emp_id,f_name,l_name,job_type,salary,dept,manager_id,doj) values(4,'Deeraj','Mishra','Manager',75000,'Sales',4,'2001-12-27');
insert into employee(emp_id,f_name,l_name,job_type,salary,dept,manager_id,doj) values(5,'Emma','Dutta','Engineer',55000,'Production',1,'2002-03-20');
insert into employee(emp_id,f_name,l_name,job_type,salary,dept,doj) values(6,'Chinaswami','Iyer','Accounts',70000,'Accounts','2001-07-16');
insert into employee(emp_id,f_name,l_name,job_type,salary,dept,manager_id,doj) values(7,'Deeraj','Kumar','Clerk',40000,'Accounts',6,'2016-12-16');
insert into employee(emp_id,f_name,l_name,job_type,salary,dept,doj) values(8,'Mr.','Paul','Engineer',60000,'R&D','2014-09-06');
insert into employee(emp_id,f_name,l_name,job_type,salary,dept,manager_id,doj) values(9,'Raj','Mishra','Clerk',30000,'Sales',4,'2018-03-27');
insert into employee(emp_id,f_name,l_name,job_type,salary,commision,dept,manager_id,doj) values(10,'Sunny','Deol','Salesman',20000,10000,'Marketing',2,'2003-03-31');
insert into employee(emp_id,f_name,l_name,job_type,salary,dept,manager_id,doj) values(11,'Bobby','Deol','Engineer',35000,'R&D',8,'2017-10-07');
insert into employee(emp_id,f_name,l_name,job_type,salary,commision,dept,manager_id,doj) values(10,'Choton','Khan','Salesman',15000,5000,'Marketing',2,'2013-05-11');
select d_name,d_loc from department;
select f_name,l_name,salary from employee where commision=1000;
select salary+1000,salary+12*100 from employee;
select f_name as name,salary as annsal from employee;
select l_name as "LAST", salary+100 as"Newsal" from employee;
select emp_id,f_name,l_name,job_type from employee where salary=(select max(salary) from employee);
select emp_id,f_name,l_name,job_type from employee where salary=(select min(salary) from employee);
select avg(salary) from employee;